{
    "cresci-2015-data": {
        "0": {
            "shortcut": {
                "sentiments": {
                    "tweets": 0.7486910994764397,
                    "description": 0.5
                },
                "emotions": {
                    "tweets": 0.9025641025641026,
                    "description": 0.8706896551724138
                },
                "topics": {
                    "tweets": 0.9666666666666667,
                    "description": 0.8256880733944955
                },
                "values": {
                    "tweets": 0.8153846153846154,
                    "description": 0.6785714285714286
                }
            },
            "standard": {
                "sentiments": {
                    "tweets": 0.9607329842931938,
                    "description": 0.8181818181818182
                },
                "emotions": {
                    "tweets": 0.9846153846153847,
                    "description": 0.9224137931034483
                },
                "topics": {
                    "tweets": 0.9871794871794872,
                    "description": 0.9128440366972477
                },
                "values": {
                    "tweets": 0.9256410256410257,
                    "description": 0.7142857142857143
                }
            }
        },
        "1": {
            "shortcut": {
                "sentiments": {
                    "tweets": 0.8691099476439791,
                    "description": 0.7272727272727273
                },
                "emotions": {
                    "tweets": 0.941025641025641,
                    "description": 0.9104477611940298
                },
                "topics": {
                    "tweets": 0.967948717948718,
                    "description": 0.8990825688073395
                },
                "values": {
                    "tweets": 0.9038461538461539,
                    "description": 0.8035714285714286
                }
            },
            "standard": {
                "sentiments": {
                    "tweets": 0.9712041884816754,
                    "description": 0.8636363636363636
                },
                "emotions": {
                    "tweets": 0.9794871794871794,
                    "description": 0.9291044776119403
                },
                "topics": {
                    "tweets": 0.9730769230769231,
                    "description": 0.9243119266055045
                },
                "values": {
                    "tweets": 0.9512820512820512,
                    "description": 0.8214285714285714
                }
            }
        }
    },
    "twibot-20": {
        "0": {
            "shortcut": {
                "sentiments": {
                    "tweets": 0.059880239520958084,
                    "description": 0.36724137931034484
                },
                "emotions": {
                    "tweets": 0.12596899224806202,
                    "description": 0.4010416666666667
                },
                "topics": {
                    "tweets": 0.18725868725868725,
                    "description": 0.3357664233576642
                },
                "values": {
                    "tweets": 0.21526418786692758,
                    "description": 0.45588235294117646
                }
            },
            "standard": {
                "sentiments": {
                    "tweets": 0.7095808383233533,
                    "description": 0.6224137931034482
                },
                "emotions": {
                    "tweets": 0.7141472868217055,
                    "description": 0.7434895833333334
                },
                "topics": {
                    "tweets": 0.7316602316602316,
                    "description": 0.6982968369829684
                },
                "values": {
                    "tweets": 0.7446183953033269,
                    "description": 0.7663398692810458
                }
            }
        },
        "1": {
            "shortcut": {
                "sentiments": {
                    "tweets": 0.5219560878243513,
                    "description": 0.6267241379310344
                },
                "emotions": {
                    "tweets": 0.5387596899224806,
                    "description": 0.6039244186046512
                },
                "topics": {
                    "tweets": 0.5482625482625483,
                    "description": 0.5888077858880778
                },
                "values": {
                    "tweets": 0.5636007827788649,
                    "description": 0.6340579710144928
                }
            },
            "standard": {
                "sentiments": {
                    "tweets": 0.7015968063872255,
                    "description": 0.6991379310344827
                },
                "emotions": {
                    "tweets": 0.7170542635658915,
                    "description": 0.6875
                },
                "topics": {
                    "tweets": 0.7311776061776062,
                    "description": 0.7232360097323601
                },
                "values": {
                    "tweets": 0.7250489236790607,
                    "description": 0.7309782608695652
                }
            }
        }
    }
}